{
"Deck A High Kill (Off - On)" : "/midiCC 1 4",
"Deck A Mid Kill (Off - On)" : "/midiCC 1 5",
"Deck A Jog Turn (-1 - 1)" : "/midiCC 1 11",
"Deck A Low Kill (Off - On)" : "/midiCC 1 6",
"Deck A Volume Adjust (0 - 1)" : "/midiCC 1 0",
"Deck A Deck Post-Fader Level (L+R) (0 - 1)" : "/midiCC 1 7",
"Deck A Mid Adjust (0 - 1)" : "/midiCC 1 2",
"Deck A High Adjust (0 - 1)" : "/midiCC 1 1",
"Deck A Low Adjust (0 - 1)" : "/midiCC 1 3",
"Deck A Play/Pause (Deck Common) (Off - On)" : "/midiCC 1 8",
"Deck A Mixer FX Adjust (0 - 1)" : "/midiCC 1 9",
"Deck A Mixer FX On (Off - On)" : "/midiCC 1 10",
"Deck B High Kill (Off - On)" : "/midiCC 2 4",
"Deck B Mid Kill (Off - On)" : "/midiCC 2 5",
"Deck B Jog Turn (-1 - 1)" : "/midiCC 2 11",
"Deck B Low Kill (Off - On)" : "/midiCC 2 6",
"Deck B Volume Adjust (0 - 1)" : "/midiCC 2 0",
"Deck B Deck Post-Fader Level (L+R) (0 - 1)" : "/midiCC 2 7",
"Deck B Mid Adjust (0 - 1)" : "/midiCC 2 2",
"Deck B High Adjust (0 - 1)" : "/midiCC 2 1",
"Deck B Low Adjust (0 - 1)" : "/midiCC 2 3",
"Deck B Play/Pause (Deck Common) (Off - On)" : "/midiCC 2 8",
"Deck B Mixer FX Adjust (0 - 1)" : "/midiCC 2 9",
"Deck B Mixer FX On (Off - On)" : "/midiCC 2 10",
"FX 1 Dry/Wet Adjust (FX Unit) (0 - 1)" : "/midiCC 5 0",
"FX 1 Knob 1 (0 - 1)" : "/midiCC 5 1",
"FX 1 Knob 2 (0 - 1)" : "/midiCC 5 2",
"FX 1 Knob 3 (0 - 1)" : "/midiCC 5 3",
"FX 1 Button 1 (Off - On)" : "/midiCC 5 4",
"FX 1 Button 2 (Off - On)" : "/midiCC 5 5",
"FX 1 Button 3 (Off - On)" : "/midiCC 5 6",
"FX 2 Dry/Wet Adjust (FX Unit) (0 - 1)" : "/midiCC 5 7",
"FX 2 Knob 1 (0 - 1)" : "/midiCC 5 8",
"FX 2 Knob 2 (0 - 1)" : "/midiCC 5 9",
"FX 2 Knob 3 (0 - 1)" : "/midiCC 5 10",
"FX 2 Button 1 (Off - On)" : "/midiCC 5 11",
"FX 2 Button 2 (Off - On)" : "/midiCC 5 12",
"FX 2 Button 3 (Off - On)" : "/midiCC 5 13"
}
