{"Deck A High Kill (Off - On)" : "/midiCC 1 4",
"Deck A Mid Kill (Off - On)" : "/midiCC 1 5",
"Deck A Jog Turn (-1 - 1)" : "/midiCC 1 11",
"Deck A Low Kill (Off - On)" : "/midiCC 1 6",
"Deck A Volume Adjust (0 - 1)" : "/midiCC 1 0",
"Deck A Deck Post-Fader Level (L+R) (0 - 1)" : "/midiCC 1 7",
"Deck A Mid Adjust (0 - 1)" : "/midiCC 1 2",
"Deck A High Adjust (0 - 1)" : "/midiCC 1 1",
"Deck A Low Adjust (0 - 1)" : "/midiCC 1 3",
"Deck A Play/Pause (Deck Common) (Off - On)" : "/midiCC 1 8",
"Deck A Loop In/Set Cue (Off - On)" : "/midiCC 1 15",
"Deck A Loop Out (Off - On)" : "/midiCC 1 16",
"Deck A Loop Size Selector (1/32 - 32)" : "/midiCC 1 17",
"Deck A Loop Set (Off - On)" : "/midiCC 1 14",
"Deck A Loop Size Select + Set (1/32 - 32)" : "/midiCC 1 13",
"Deck A Loop Active On (Off - On)" : "/midiCC 1 12",
"Deck A Mixer FX Adjust (0 - 1)" : "/midiCC 1 9",
"Deck A Mixer FX On (Off - On)" : "/midiCC 1 10",
"Deck B High Kill (Off - On)" : "/midiCC 2 4",
"Deck B Mid Kill (Off - On)" : "/midiCC 2 5",
"Deck B Jog Turn (-1 - 1)" : "/midiCC 2 11",
"Deck B Low Kill (Off - On)" : "/midiCC 2 6",
"Deck B Volume Adjust (0 - 1)" : "/midiCC 2 0",
"Deck B Deck Post-Fader Level (L+R) (0 - 1)" : "/midiCC 2 7",
"Deck B Mid Adjust (0 - 1)" : "/midiCC 2 2",
"Deck B High Adjust (0 - 1)" : "/midiCC 2 1",
"Deck B Low Adjust (0 - 1)" : "/midiCC 2 3",
"Deck B Play/Pause (Deck Common) (Off - On)" : "/midiCC 2 8",
"Deck B Loop In/Set Cue (Off - On)" : "/midiCC 2 15",
"Deck B Loop Out (Off - On)" : "/midiCC 2 16",
"Deck B Loop Size Selector (1/32 - 32)" : "/midiCC 2 17",
"Deck B Loop Set (Off - On)" : "/midiCC 2 14",
"Deck B Loop Size Select + Set (1/32 - 32)" : "/midiCC 2 13",
"Deck B Loop Active On (Off - On)" : "/midiCC 2 12",
"Deck B Mixer FX Adjust (0 - 1)" : "/midiCC 2 9",
"Deck B Mixer FX On (Off - On)" : "/midiCC 2 10",
"Deck C High Kill (Off - On)" : "/midiCC 3 4",
"Deck C Mid Kill (Off - On)" : "/midiCC 3 5",
"Deck C Jog Turn (-1 - 1)" : "/midiCC 3 11",
"Deck C Low Kill (Off - On)" : "/midiCC 3 6",
"Deck C Volume Adjust (0 - 1)" : "/midiCC 3 0",
"Deck C Deck Post-Fader Level (L+R) (0 - 1)" : "/midiCC 3 7",
"Deck C Mid Adjust (0 - 1)" : "/midiCC 3 2",
"Deck C High Adjust (0 - 1)" : "/midiCC 3 1",
"Deck C Low Adjust (0 - 1)" : "/midiCC 3 3",
"Deck C Play/Pause (Deck Common) (Off - On)" : "/midiCC 3 8",
"Deck C Loop In/Set Cue (Off - On)" : "/midiCC 3 15",
"Deck C Loop Out (Off - On)" : "/midiCC 3 16",
"Deck C Loop Size Selector (1/32 - 32)" : "/midiCC 3 17",
"Deck C Loop Set (Off - On)" : "/midiCC 3 14",
"Deck C Loop Size Select + Set (1/32 - 32)" : "/midiCC 3 13",
"Deck C Loop Active On (Off - On)" : "/midiCC 3 12",
"Deck C Mixer FX Adjust (0 - 1)" : "/midiCC 3 9",
"Deck C Mixer FX On (Off - On)" : "/midiCC 3 10",
"Deck D High Kill (Off - On)" : "/midiCC 4 4",
"Deck D Mid Kill (Off - On)" : "/midiCC 4 5",
"Deck D Jog Turn (-1 - 1)" : "/midiCC 4 11",
"Deck D Low Kill (Off - On)" : "/midiCC 4 6",
"Deck D Volume Adjust (0 - 1)" : "/midiCC 4 0",
"Deck D Deck Post-Fader Level (L+R) (0 - 1)" : "/midiCC 4 7",
"Deck D Mid Adjust (0 - 1)" : "/midiCC 4 2",
"Deck D High Adjust (0 - 1)" : "/midiCC 4 1",
"Deck D Low Adjust (0 - 1)" : "/midiCC 4 3",
"Deck D Play/Pause (Deck Common) (Off - On)" : "/midiCC 4 8",
"Deck D Loop In/Set Cue (Off - On)" : "/midiCC 4 15",
"Deck D Loop Out (Off - On)" : "/midiCC 4 16",
"Deck D Loop Size Selector (1/32 - 32)" : "/midiCC 4 17",
"Deck D Loop Set (Off - On)" : "/midiCC 4 14",
"Deck D Loop Size Select + Set (1/32 - 32)" : "/midiCC 4 13",
"Deck D Loop Active On (Off - On)" : "/midiCC 4 12",
"Deck D Mixer FX Adjust (0 - 1)" : "/midiCC 4 9",
"Deck D Mixer FX On (Off - On)" : "/midiCC 4 10",
"FX 1 Dry/Wet Adjust (FX Unit) (0 - 1)" : "/midiCC 5 0",
"FX 1 Knob 1 (0 - 1)" : "/midiCC 5 1",
"FX 1 Knob 2 (0 - 1)" : "/midiCC 5 2",
"FX 1 Knob 3 (0 - 1)" : "/midiCC 5 3",
"FX 1 Button 1 (Off - On)" : "/midiCC 5 4",
"FX 1 Button 2 (Off - On)" : "/midiCC 5 5",
"FX 1 Button 3 (Off - On)" : "/midiCC 5 6",
"FX 2 Dry/Wet Adjust (FX Unit) (0 - 1)" : "/midiCC 5 7",
"FX 2 Knob 1 (0 - 1)" : "/midiCC 5 8",
"FX 2 Knob 2 (0 - 1)" : "/midiCC 5 9",
"FX 2 Knob 3 (0 - 1)" : "/midiCC 5 10",
"FX 2 Button 1 (Off - On)" : "/midiCC 5 11",
"FX 2 Button 2 (Off - On)" : "/midiCC 5 12",
"FX 2 Button 3 (Off - On)" : "/midiCC 5 13",
"FX 3 Dry/Wet Adjust (FX Unit) (0 - 1)" : "/midiCC 5 14",
"Global Position (X-Fader) (0 - 0)" : "/midiCC 9 1",
"FX 3 Knob 1 (0 - 1)" : "/midiCC 5 15",
"FX 3 Knob 2 (0 - 1)" : "/midiCC 5 16",
"FX 3 Knob 3 (0 - 1)" : "/midiCC 5 17",
"FX 3 Button 1 (Off - On)" : "/midiCC 5 18",
"FX 3 Button 2 (Off - On)" : "/midiCC 5 19",
"FX 3 Button 3 (Off - On)" : "/midiCC 5 20",
"FX 4 Dry/Wet Adjust (FX Unit) (0 - 1)" : "/midiCC 5 21",
"FX 4 Knob 1 (0 - 1)" : "/midiCC 5 22",
"FX 4 Knob 2 (0 - 1)" : "/midiCC 5 23",
"FX 4 Knob 3 (0 - 1)" : "/midiCC 5 24",
"FX 4 Button 1 (Off - On)" : "/midiCC 5 25",
"FX 4 Button 2 (Off - On)" : "/midiCC 5 26",
"FX 4 Button 3 (Off - On)" : "/midiCC 5 27",
"Global Effect LFO Reset (Off - On)" : "/midiCC 9 0",
"Deck D Beat Phase (0 - 0)" : "/midiCC 4 18",
"Deck C Beat Phase (0 - 0)" : "/midiCC 3 18",
"Deck B Beat Phase (0 - 0)" : "/midiCC 2 18",
"Deck A Beat Phase (0 - 0)" : "/midiCC 1 18"
}
